1;248;47,23908816;38,81021336;47,23990652;38,80984858;47,2407541;38,80961255;47,24082716;38,80935505;47,2406518;38,80763844;47,24128017;38,80742386;47,24117788;38,80701617;47,24192315;38,80652264;47,24229578;38,80749896;47,2425515;38,80832509;47,24271955;38,80961255;47,24277069;38,81051377;47,24306295;38,81162957;47,24331136;38,8112326;47,24315793;38,80985931;47,24348671;38,8094087;47,24388855;38,8090761;47,24423194;38,80816415;47,24456072;38,80737022;47,24467762;38,8070269;47,24496986;38,8066943;47,24519635;38,80628661;47,24551051;38,80659774;47,24584658;38,80637244;47,24581736;38,80601839;47,24618265;38,80548194;47,24643836;38,80493477;47,24667945;38,80460218;47,24683287;38,80413011;47,24701552;38,80400136;47,24753422;38,80399064;47,24758536;38,80434469;47,24781184;38,8047202;47,2478849;38,80491332;47,24779723;38,80523518;47,24776801;38,80566433;47,2478922;38,80609349;47,24813329;38,80660847;47,24836707;38,80699471;47,24887115;38,80750969;47,2497405;38,80820707;47,25036876;38,80868987;47,2509751;38,80911902;47,25177866;38,8097091;47,25256031;38,81030992;47,25335654;38,81093219;47,25407972;38,81153301;47,25494168;38,81223038;47,25581824;38,81292776;47,25644642;38,81343201;47,25720608;38,81421522;47,25799495;38,81498769;47,25963107;38,81677941;47,26066823;38,81789521;47,26065363;38,81831363;47,2607924;38,81869987;47,2609896;38,8191934;47,26125984;38,81981567;47,26155199;38,82031992;47,26187336;38,82091001;47,26239922;38,82171467;47,26279362;38,82218674;47,26323913;38,8227661;47,26367004;38,82325962;47,26397679;38,82356003;47,26441499;38,82396773;47,26499925;38,82448271;47,26560542;38,82506207;47,26629192;38,82571653;47,2667374;38,82608131;47,26730704;38,82661775;47,2679643;38,82715419;47,26824911;38,82731512;47,26860695;38,82755116;47,26859234;38,82732585;47,2687457;38,82671431;47,26924229;38,82692889;47,26965123;38,82686451;47,26967314;38,82726148;47,26951248;38,82809833;47,27059327;38,8285704;47,27046912;38,82951454;47,27037419;38,830169;47,27019893;38,83132771;47,26997255;38,83280829;47,26969505;38,83408502;47,26938104;38,8355656;47,26911814;38,8369067;47,26884794;38,83818344;47,26860695;38,83933142;47,26832944;38,84065107;47,26820529;38,84116605;47,26813957;38,841445;47,26851201;38,84199217;47,26895748;38,84279684;47,26932992;38,84337619;47,27004557;38,84407357;47,27117016;38,84511426;47,27184198;38,84573654;47,27268174;38,84642318;47,27317098;38,84684161;47,27448535;38,84757117;47,27552222;38,84808615;47,27685113;38,84875134;47,27853048;38,84965256;47,2797571;38,85023192;47,27978631;38,85158375;47,27848667;38,85284975;47,27720161;38,85396555;47,2762451;38,85469511;47,27565365;38,85523156;47,27567556;38,85547832;47,27552222;38,85572508;47,27541269;38,85585383;47,27542;38,85602549;47,27536888;38,85615424;47,27523015;38,85631517;47,2750476;38,85636881;47,27491617;38,85628298;47,27478473;38,85608986;47,27474822;38,8558431;47,27472632;38,85551051;47,2746679;38,85523156;47,27455837;38,85484532;47,27439043;38,85500625;47,27421518;38,8552101;47,27421518;38,8552101;47,27399612;38,85492042;47,27360911;38,85407284;47,27325861;38,85337547;47,27275476;38,85243133;47,27198802;38,85086492;47,27118476;38,84923414;47,2706809;38,84820417;47,26995794;38,84682015;47,26914005;38,84521082;47,26831484;38,84356931;47,26747501;38,84191707;47,26719749;38,84135917;47,26640877;38,83952454;47,26568576;38,8377972;47,26502847;38,83800105;47,26437847;38,83821562;47,2638015;38,83839801;47,26407173;38,84008244;47,26446611;38,84247497;47,26498465;38,84551123;47,26537902;38,84808615;47,26595597;38,85140136;47,26639416;38,85405138;47,26684695;38,85686234;47,26714637;38,85871843;47,26743119;38,86024192;47,2677087;38,86200145;47,26779633;38,86247352;47,26794239;38,86294559;47,26819069;38,86413649;47,26842438;38,86528448;47,26862886;38,86629299;47,26895018;38,86851386;47,2692715;38,87048796;47,26962202;38,87229041;47,26991413;38,87447909;47,27023544;38,87679652;47,27026465;38,8778694;47,2698411;38,87808398;47,26916926;38,87829855;47,26870188;38,87866333;47,26810305;38,87889937;47,26747501;38,87922123;47,26680313;38,87945727;47,26617507;38,87975768;47,26544475;38,880101;47,26535711;38,88037995;47,26484588;38,88068036;47,26418858;38,88104514;47,26334138;38,88160304;47,26277171;38,8819249;47,26211438;38,88216094;47,26153008;38,88254717;47,26074127;38,88297633;47,25993784;38,88366297;47,25974794;38,8828905;47,25973333;38,8820751;47,26071206;38,88211802;47,26196831;38,88162449;47,26300542;38,88110951;47,26405712;38,88059453;47,26506498;38,87999371;47,2657953;38,87941435;47,26564924;38,8778694;47,26559082;38,87679652;47,26526947;38,87570218;47,26505038;38,87441472;47,26491892;38,8731058;47,26468521;38,87121752;47,26446611;38,86956528;47,26415937;38,86827782;47,26385263;38,8669689;47,26377959;38,86596039;47,26347285;38,86411503;47,26278631;38,86417941;47,26196831;38,86460856;47,26129636;38,86430815;47,26097499;38,86370734;47,26043451;38,86308506;47,25999627;38,86329964;47,25990862;38,86259154;47,25983558;38,86201218;47,25922205;38,86216238;47,25862311;38,8623555;47,25799495;38,86244133;47,25738139;38,86115387;47,25669477;38,85935143;47,25600815;38,85716275;47,25548222;38,8552101;47,25524848;38,8536866;47,25457645;38,85098294;47,25413816;38,8490732;47,25387519;38,84772137;47,25349534;38,84634808;47,25318853;38,84523228;47,2525457;38,84439543;47,25201973;38,84237841;47,25146454;38,84029702;47,25101162;38,83847311;47,25048564;38,83669213;47,2501496;38,83534029;47,24985738;38,83426741;47,24877618;38,83343056;47,24772417;38,83259371;47,24675981;38,83179978;47,24608768;38,83122042;47,24532786;38,83066252;47,24471415;38,83019045;47,24414427;38,82967547;47,24366206;38,8293536;47,24315062;38,82804469;47,24253689;38,82656411;47,2419816;38,82519082;47,24144092;38,82390336;47,24092946;38,82259444;47,24005266;38,8205345;47,23978961;38,81849602;47,23958502;38,81630734;47,23938043;38,8140972;47,23929275;38,81210164;47,23916123;38,81081418;47,25954342;38,83967474;0;3810;1381
3;49;47,202468;38,88973549;47,20311145;38,88922051;47,20370371;38,88875917;47,20434714;38,88816908;47,20481509;38,8878043;47,20534152;38,88735369;47,20580946;38,88693527;47,20622621;38,88658122;47,20655523;38,88632372;47,20700853;38,88625935;47,20732292;38,88619498;47,20762999;38,88596967;47,20799555;38,88566926;47,20826606;38,88647393;47,20852195;38,88713912;47,20876322;38,88779357;47,2090118;38,8884373;47,20922382;38,88904885;47,20944315;38,88960675;47,20956012;38,8899608;47,20964785;38,89023975;47,20932617;38,89055088;47,20896062;38,89086202;47,20846346;38,8913019;47,20812715;38,89153794;47,20779815;38,89183835;47,20717669;38,89229969;47,2067965;38,89261082;47,20636513;38,89295414;47,20652598;38,89340476;47,2062189;38,89368371;47,20587526;38,89396265;47,20567785;38,89418796;47,20580215;38,89492825;47,20594838;38,89556125;47,20605074;38,8959153;47,20610923;38,89615134;47,2057729;38,8963981;47,20552431;38,89559344;47,20530497;38,8947244;47,20518798;38,89429525;47,20509293;38,8939412;47,20486627;38,89352277;47,20444219;38,89292196;47,20400349;38,89223531;47,2036379;38,8916345;47,20327963;38,89109806;47,20297984;38,89065817;47,20268005;38,89020756;47,20643093;38,88986424;3;1330;483;;;;;;;;;;;;;;;;;;;;;;;;;;;;;;;;;;;;;;;;;;;;;;;;;;;;;;;;;;;;;;;;;;;;;;;;;;;;;;;;;;;;;;;;;;;;;;;;;;;;;;;;;;;;;;;;;;;;;;;;;;;;;;;;;;;;;;;;;;;;;;;;;;;;;;;;;;;;;;;;;;;;;;;;;;;;;;;;;;;;;;;;;;;;;;;;;;;;;;;;;;;;;;;;;;;;;;;;;;;;;;;;;;;;;;;;;;;;;;;;;;;;;;;;;;;;;;;;;;;;;;;;;;;;;;;;;;;;;;;;;;;;;;;;;;;;;;;;;;;;;;;;;;;;;;;;;;;;;;;;;;;;;;;;;;;;;;;;;;;;;;;;;;;;;;;;;;;;;;;;;;;;;;;;;;;;;;;;;;;;;;;;;;;;;;;;;;;;;;
4;28;47,20846346;38,8913019;47,2086828;38,89159158;47,20902642;38,89145211;47,2092165;38,89201001;47,20934079;38,89236406;47,20947239;38,89276103;47,20933348;38,89288977;47,2095455;38,89352277;47,20973558;38,89340476;47,20975752;38,89358715;47,20983063;38,89389828;47,21002802;38,89428452;47,21011575;38,8946493;47,21026928;38,89438108;47,2104155;38,89418796;47,21064213;38,89444545;47,21026928;38,89511064;47,21000609;38,89543251;47,20975021;38,89582947;47,20949432;38,89622644;47,20917264;38,89538959;47,208946;38,89484242;47,20866818;38,89411286;47,20838304;38,89335111;47,20804673;38,89254645;47,20779815;38,89183835;47,20812715;38,89153794;47,20846346;38,8913019;47,20926037;38,89390901;0;1231;447;;;;;;;;;;;;;;;;;;;;;;;;;;;;;;;;;;;;;;;;;;;;;;;;;;;;;;;;;;;;;;;;;;;;;;;;;;;;;;;;;;;;;;;;;;;;;;;;;;;;;;;;;;;;;;;;;;;;;;;;;;;;;;;;;;;;;;;;;;;;;;;;;;;;;;;;;;;;;;;;;;;;;;;;;;;;;;;;;;;;;;;;;;;;;;;;;;;;;;;;;;;;;;;;;;;;;;;;;;;;;;;;;;;;;;;;;;;;;;;;;;;;;;;;;;;;;;;;;;;;;;;;;;;;;;;;;;;;;;;;;;;;;;;;;;;;;;;;;;;;;;;;;;;;;;;;;;;;;;;;;;;;;;;;;;;;;;;;;;;;;;;;;;;;;;;;;;;;;;;;;;;;;;;;;;;;;;;;;;;;;;;;;;;;;;;;;;;;;;;;;;;;;;;;;;;;;;;;;;;;;;;;;;;;;;;;;;;;;;;;
11;30;47,22066431;38,8754876;47,22136601;38,87496189;47,22215541;38,87456492;47,22284248;38,87424305;47,22360262;38,87376026;47,22422388;38,87351349;47,22422388;38,87335256;47,22470627;38,87312726;47,22445046;38,87199;47,22421657;38,87107805;47,22397538;38,87011245;47,22371956;38,86914686;47,22316408;38,86704401;47,22261589;38,86736587;47,22197268;38,86771992;47,22114673;38,86823491;47,22021843;38,86878208;47,21920972;38,86931852;47,21816443;38,86993006;47,21717029;38,87058452;47,21737497;38,87126044;47,21758695;38,87203291;47,21779163;38,87278393;47,2180694;38,8737388;47,21841296;38,8750048;47,2187419;38,87635663;47,21897581;38,87618497;47,21936322;38,87617424;47,21973601;38,87598113;47,2201161;38,87579874;47,22122713;38,87216166;0;2233;844;;;;;;;;;;;;;;;;;;;;;;;;;;;;;;;;;;;;;;;;;;;;;;;;;;;;;;;;;;;;;;;;;;;;;;;;;;;;;;;;;;;;;;;;;;;;;;;;;;;;;;;;;;;;;;;;;;;;;;;;;;;;;;;;;;;;;;;;;;;;;;;;;;;;;;;;;;;;;;;;;;;;;;;;;;;;;;;;;;;;;;;;;;;;;;;;;;;;;;;;;;;;;;;;;;;;;;;;;;;;;;;;;;;;;;;;;;;;;;;;;;;;;;;;;;;;;;;;;;;;;;;;;;;;;;;;;;;;;;;;;;;;;;;;;;;;;;;;;;;;;;;;;;;;;;;;;;;;;;;;;;;;;;;;;;;;;;;;;;;;;;;;;;;;;;;;;;;;;;;;;;;;;;;;;;;;;;;;;;;;;;;;;;;;;;;;;;;;;;;;;;;;;;;;;;;;;;;;;;;;;;;;;;;;;;;;;;;;
12;28;47,22284248;38,87424305;47,22282055;38,87535885;47,22283517;38,87600258;47,22277669;38,87759045;47,22268898;38,87924269;47,22271822;38,88128117;47,22263051;38,88299778;47,2226232;38,88421014;47,22161453;38,88417796;47,22095669;38,88413504;47,2203427;38,88409213;47,22006494;38,88404921;47,21970677;38,88392046;47,21941438;38,88373807;47,21904159;38,88353423;47,21874921;38,88339475;47,2184422;38,88323382;47,21817174;38,88305143;47,21856646;38,88235405;47,21893195;38,88120607;47,21931936;38,88009027;47,21975063;38,87882427;47,2201892;38,87727931;47,2205766;38,8759704;47,22075933;38,87583092;47,22066431;38,8754876;47,22136601;38,87496189;47,22215541;38,87456492;47,22115404;38,88053015;1;1048;378;;;;;;;;;;;;;;;;;;;;;;;;;;;;;;;;;;;;;;;;;;;;;;;;;;;;;;;;;;;;;;;;;;;;;;;;;;;;;;;;;;;;;;;;;;;;;;;;;;;;;;;;;;;;;;;;;;;;;;;;;;;;;;;;;;;;;;;;;;;;;;;;;;;;;;;;;;;;;;;;;;;;;;;;;;;;;;;;;;;;;;;;;;;;;;;;;;;;;;;;;;;;;;;;;;;;;;;;;;;;;;;;;;;;;;;;;;;;;;;;;;;;;;;;;;;;;;;;;;;;;;;;;;;;;;;;;;;;;;;;;;;;;;;;;;;;;;;;;;;;;;;;;;;;;;;;;;;;;;;;;;;;;;;;;;;;;;;;;;;;;;;;;;;;;;;;;;;;;;;;;;;;;;;;;;;;;;;;;;;;;;;;;;;;;;;;;;;;;;;;;;;;;;;;;;;;;;;;;;;;;;;;;;;;;;;;;;;;;;;;
16;27;47,22316408;38,86704401;47,22412887;38,86651829;47,22443584;38,86762336;47,22525443;38,86714056;47,22545177;38,86702255;47,22572219;38,86762336;47,225978;38,86814908;47,22617533;38,86886791;47,22698659;38,8684924;47,22710352;38,86933998;47,22724239;38,86997298;47,22702313;38,87106732;47,22706698;38,8714321;47,22693543;38,87207583;47,22719854;38,87311653;47,22668694;38,87342766;47,22608763;38,87374953;47,22619726;38,87425378;47,22586837;38,87442544;47,22565641;38,87443617;47,22511557;38,87473658;47,22490361;38,87382463;47,22470627;38,87312726;47,22445046;38,87199;47,22421657;38,87107805;47,22397538;38,87011245;47,22371956;38,86914686;47,225481;38,87078837;0;1431;519;;;;;;;;;;;;;;;;;;;;;;;;;;;;;;;;;;;;;;;;;;;;;;;;;;;;;;;;;;;;;;;;;;;;;;;;;;;;;;;;;;;;;;;;;;;;;;;;;;;;;;;;;;;;;;;;;;;;;;;;;;;;;;;;;;;;;;;;;;;;;;;;;;;;;;;;;;;;;;;;;;;;;;;;;;;;;;;;;;;;;;;;;;;;;;;;;;;;;;;;;;;;;;;;;;;;;;;;;;;;;;;;;;;;;;;;;;;;;;;;;;;;;;;;;;;;;;;;;;;;;;;;;;;;;;;;;;;;;;;;;;;;;;;;;;;;;;;;;;;;;;;;;;;;;;;;;;;;;;;;;;;;;;;;;;;;;;;;;;;;;;;;;;;;;;;;;;;;;;;;;;;;;;;;;;;;;;;;;;;;;;;;;;;;;;;;;;;;;;;;;;;;;;;;;;;;;;;;;;;;;;;;;;;;;;;;;;;;;;;;;;
21;25;47,22316408;38,86704401;47,22299597;38,86608914;47,22260127;38,8643618;47,22225043;38,863246;47,22200192;38,86194781;47,22165108;38,86012391;47,22284979;38,85937289;47,22385843;38,8587077;47,22498401;38,85817126;47,22608763;38,8575919;47,22613879;38,85787085;47,22638728;38,85943726;47,22678195;38,86106804;47,22621188;38,86131481;47,2255614;38,86162594;47,22534214;38,86087492;47,22504248;38,86107877;47,22475012;38,86121825;47,22457471;38,86077836;47,22330295;38,86152938;47,22399731;38,86441544;47,22430428;38,8655527;47,22457471;38,86543468;47,22476474;38,86620716;47,22412887;38,86651829;47,22320062;38,86370734;1;2578;933;;;;;;;;;;;;;;;;;;;;;;;;;;;;;;;;;;;;;;;;;;;;;;;;;;;;;;;;;;;;;;;;;;;;;;;;;;;;;;;;;;;;;;;;;;;;;;;;;;;;;;;;;;;;;;;;;;;;;;;;;;;;;;;;;;;;;;;;;;;;;;;;;;;;;;;;;;;;;;;;;;;;;;;;;;;;;;;;;;;;;;;;;;;;;;;;;;;;;;;;;;;;;;;;;;;;;;;;;;;;;;;;;;;;;;;;;;;;;;;;;;;;;;;;;;;;;;;;;;;;;;;;;;;;;;;;;;;;;;;;;;;;;;;;;;;;;;;;;;;;;;;;;;;;;;;;;;;;;;;;;;;;;;;;;;;;;;;;;;;;;;;;;;;;;;;;;;;;;;;;;;;;;;;;;;;;;;;;;;;;;;;;;;;;;;;;;;;;;;;;;;;;;;;;;;;;;;;;;;;;;;;;;;;;;;;;;;;;;;;;;;;;;;
23;16;47,21725801;38,8496311;47,21649777;38,85009244;47,21708257;38,85229186;47,21756502;38,85413722;47,21785742;38,85526374;47,21806209;38,85633663;47,21920241;38,85564998;47,22002839;38,85518864;47,21997722;38,85494188;47,22038655;38,85470584;47,22000646;38,85315016;47,21977255;38,85217384;47,21890271;38,85269955;47,21872728;38,85209874;47,21803285;38,85243133;47,21767467;38,85095075;47,21901966;38,85399774;1;831;302;;;;;;;;;;;;;;;;;;;;;;;;;;;;;;;;;;;;;;;;;;;;;;;;;;;;;;;;;;;;;;;;;;;;;;;;;;;;;;;;;;;;;;;;;;;;;;;;;;;;;;;;;;;;;;;;;;;;;;;;;;;;;;;;;;;;;;;;;;;;;;;;;;;;;;;;;;;;;;;;;;;;;;;;;;;;;;;;;;;;;;;;;;;;;;;;;;;;;;;;;;;;;;;;;;;;;;;;;;;;;;;;;;;;;;;;;;;;;;;;;;;;;;;;;;;;;;;;;;;;;;;;;;;;;;;;;;;;;;;;;;;;;;;;;;;;;;;;;;;;;;;;;;;;;;;;;;;;;;;;;;;;;;;;;;;;;;;;;;;;;;;;;;;;;;;;;;;;;;;;;;;;;;;;;;;;;;;;;;;;;;;;;;;;;;;;;;;;;;;;;;;;;;;;;;;;;;;;;;;;;;;;;;;;;;;;;;;;;;;;;;;;;;;;;;;;;;;;;;;;;;;;
24;26;47,21931936;38,86097148;47,21910738;38,86122898;47,21885154;38,86156157;47,21837641;38,86189416;47,21771122;38,86222676;47,21744807;38,86239842;47,21717029;38,86257008;47,21684134;38,86141137;47,21660011;38,86043504;47,21599338;38,8608642;47,21552553;38,86114315;47,21495534;38,86150793;47,21461176;38,86033848;47,21422431;38,85889009;47,21385148;38,85730222;47,21498458;38,85662631;47,21524044;38,85761336;47,21535009;38,85809616;47,21609572;38,85761336;47,21632233;38,85816053;47,21684865;38,85784939;47,21706064;38,85767773;47,21778432;38,85725931;47,21826676;38,857034;47,21868342;38,85860041;47,21896119;38,85976985;47,2172507;38,85920123;2;1014;365;;;;;;;;;;;;;;;;;;;;;;;;;;;;;;;;;;;;;;;;;;;;;;;;;;;;;;;;;;;;;;;;;;;;;;;;;;;;;;;;;;;;;;;;;;;;;;;;;;;;;;;;;;;;;;;;;;;;;;;;;;;;;;;;;;;;;;;;;;;;;;;;;;;;;;;;;;;;;;;;;;;;;;;;;;;;;;;;;;;;;;;;;;;;;;;;;;;;;;;;;;;;;;;;;;;;;;;;;;;;;;;;;;;;;;;;;;;;;;;;;;;;;;;;;;;;;;;;;;;;;;;;;;;;;;;;;;;;;;;;;;;;;;;;;;;;;;;;;;;;;;;;;;;;;;;;;;;;;;;;;;;;;;;;;;;;;;;;;;;;;;;;;;;;;;;;;;;;;;;;;;;;;;;;;;;;;;;;;;;;;;;;;;;;;;;;;;;;;;;;;;;;;;;;;;;;;;;;;;;;;;;;;;;;;;;;;;;;;;;;;;;;
25;20;47,21498458;38,85662631;47,21463369;38,85546759;47,21427548;38,8536866;47,21509423;38,85322526;47,21583987;38,85267809;47,21655625;38,85222748;47,21700216;38,85192707;47,21708257;38,85229186;47,21756502;38,85413722;47,21785742;38,85526374;47,21806209;38,85633663;47,21826676;38,857034;47,21778432;38,85725931;47,21706064;38,85767773;47,21684865;38,85784939;47,21632233;38,85816053;47,21609572;38,85761336;47,21535009;38,85809616;47,21524044;38,85761336;47,21498458;38,85662631;47,21611034;38,85512427;1;1421;516;;;;;;;;;;;;;;;;;;;;;;;;;;;;;;;;;;;;;;;;;;;;;;;;;;;;;;;;;;;;;;;;;;;;;;;;;;;;;;;;;;;;;;;;;;;;;;;;;;;;;;;;;;;;;;;;;;;;;;;;;;;;;;;;;;;;;;;;;;;;;;;;;;;;;;;;;;;;;;;;;;;;;;;;;;;;;;;;;;;;;;;;;;;;;;;;;;;;;;;;;;;;;;;;;;;;;;;;;;;;;;;;;;;;;;;;;;;;;;;;;;;;;;;;;;;;;;;;;;;;;;;;;;;;;;;;;;;;;;;;;;;;;;;;;;;;;;;;;;;;;;;;;;;;;;;;;;;;;;;;;;;;;;;;;;;;;;;;;;;;;;;;;;;;;;;;;;;;;;;;;;;;;;;;;;;;;;;;;;;;;;;;;;;;;;;;;;;;;;;;;;;;;;;;;;;;;;;;;;;;;;;;;;;;;;;;;;;;;;;;;;;;;;;;;;;;;;;;
28;18;47,22054005;38,86593893;47,22058756;38,86612669;47,21989682;38,86650756;47,21929743;38,86680797;47,21870535;38,86715129;47,21834717;38,86587456;47,21807671;38,86481241;47,21788666;38,86386827;47,21763812;38,86303142;47,21744807;38,86239842;47,21771122;38,86222676;47,21837641;38,86189416;47,21885154;38,86156157;47,21910738;38,86122898;47,21931936;38,86097148;47,21960443;38,86178688;47,21990413;38,86327818;47,2202696;38,86463002;47,2188954;38,86463002;2;1845;669;;;;;;;;;;;;;;;;;;;;;;;;;;;;;;;;;;;;;;;;;;;;;;;;;;;;;;;;;;;;;;;;;;;;;;;;;;;;;;;;;;;;;;;;;;;;;;;;;;;;;;;;;;;;;;;;;;;;;;;;;;;;;;;;;;;;;;;;;;;;;;;;;;;;;;;;;;;;;;;;;;;;;;;;;;;;;;;;;;;;;;;;;;;;;;;;;;;;;;;;;;;;;;;;;;;;;;;;;;;;;;;;;;;;;;;;;;;;;;;;;;;;;;;;;;;;;;;;;;;;;;;;;;;;;;;;;;;;;;;;;;;;;;;;;;;;;;;;;;;;;;;;;;;;;;;;;;;;;;;;;;;;;;;;;;;;;;;;;;;;;;;;;;;;;;;;;;;;;;;;;;;;;;;;;;;;;;;;;;;;;;;;;;;;;;;;;;;;;;;;;;;;;;;;;;;;;;;;;;;;;;;;;;;;;;;;;;;;;;;;;;;;;;;;;;;;;;;;;;;;
29;18;47,21870535;38,86715129;47,21929743;38,86680797;47,21989682;38,86650756;47,22058756;38,86612669;47,22079588;38,86702255;47,22103709;38,86789158;47,22114673;38,86823491;47,22021843;38,86878208;47,21920972;38,86931852;47,21816443;38,86993006;47,21717029;38,87058452;47,21702409;38,86946872;47,2168121;38,86863187;47,21668783;38,8681598;47,2173238;38,86780575;47,21778432;38,86747316;47,21782087;38,86773065;47,21841296;38,86741951;47,21885885;38,86817053;1;1433;520;;;;;;;;;;;;;;;;;;;;;;;;;;;;;;;;;;;;;;;;;;;;;;;;;;;;;;;;;;;;;;;;;;;;;;;;;;;;;;;;;;;;;;;;;;;;;;;;;;;;;;;;;;;;;;;;;;;;;;;;;;;;;;;;;;;;;;;;;;;;;;;;;;;;;;;;;;;;;;;;;;;;;;;;;;;;;;;;;;;;;;;;;;;;;;;;;;;;;;;;;;;;;;;;;;;;;;;;;;;;;;;;;;;;;;;;;;;;;;;;;;;;;;;;;;;;;;;;;;;;;;;;;;;;;;;;;;;;;;;;;;;;;;;;;;;;;;;;;;;;;;;;;;;;;;;;;;;;;;;;;;;;;;;;;;;;;;;;;;;;;;;;;;;;;;;;;;;;;;;;;;;;;;;;;;;;;;;;;;;;;;;;;;;;;;;;;;;;;;;;;;;;;;;;;;;;;;;;;;;;;;;;;;;;;;;;;;;;;;;;;;;;;;;;;;;;;;;;;;;;
36;34;47,24832323;38,88601259;47,24831593;38,8865383;47,24821365;38,88725713;47,24795795;38,88809398;47,24766573;38,88907031;47,24730044;38,89025048;47,2470009;38,89118389;47,24679634;38,89183835;47,2464968;38,8929005;47,2457516;38,89298633;47,24496986;38,89294342;47,24425386;38,89310435;47,24320907;38,89349059;47,24212042;38,8938661;47,24130209;38,89413432;47,24060066;38,89456347;47,24036684;38,89322237;47,24015495;38,8921924;47,23991383;38,89067963;47,24015495;38,88983205;47,24047644;38,88890937;47,23986268;38,88840512;47,2393512;38,88806179;47,2396654;38,88687089;47,24005266;38,88579801;47,24015495;38,88556198;47,24143361;38,88562635;47,24214234;38,88566926;47,24283645;38,88570145;47,24385202;38,88576582;47,24483105;38,88581947;47,24586119;38,88585165;47,24682557;38,88589457;47,24795065;38,8859804;47,24383741;38,89005736;2;1143;415;;;;;;;;;;;;;;;;;;;;;;;;;;;;;;;;;;;;;;;;;;;;;;;;;;;;;;;;;;;;;;;;;;;;;;;;;;;;;;;;;;;;;;;;;;;;;;;;;;;;;;;;;;;;;;;;;;;;;;;;;;;;;;;;;;;;;;;;;;;;;;;;;;;;;;;;;;;;;;;;;;;;;;;;;;;;;;;;;;;;;;;;;;;;;;;;;;;;;;;;;;;;;;;;;;;;;;;;;;;;;;;;;;;;;;;;;;;;;;;;;;;;;;;;;;;;;;;;;;;;;;;;;;;;;;;;;;;;;;;;;;;;;;;;;;;;;;;;;;;;;;;;;;;;;;;;;;;;;;;;;;;;;;;;;;;;;;;;;;;;;;;;;;;;;;;;;;;;;;;;;;;;;;;;;;;;;;;;;;;;;;;;;;;;;;;;;;;;;;;;;;;;;;;;;;;;;;;;;;;;;;;;;;;;
37;22;47,2464968;38,8929005;47,24654064;38,89329747;47,24646027;38,89363006;47,24626302;38,89388755;47,24605845;38,89423088;47,24596347;38,89454201;47,24532055;38,89508918;47,24473607;38,89547542;47,24418811;38,89585093;47,24346479;38,89618352;47,24269763;38,8965483;47,24199621;38,8968809;47,24184278;38,89605478;47,24229578;38,89589385;47,24214965;38,89504627;47,24203274;38,89442399;47,24193045;38,89393047;47,24212042;38,8938661;47,24320907;38,89349059;47,24425386;38,89310435;47,24496986;38,89294342;47,2457516;38,89298633;47,2439397;38,89456347;0;1583;574;;;;;;;;;;;;;;;;;;;;;;;;;;;;;;;;;;;;;;;;;;;;;;;;;;;;;;;;;;;;;;;;;;;;;;;;;;;;;;;;;;;;;;;;;;;;;;;;;;;;;;;;;;;;;;;;;;;;;;;;;;;;;;;;;;;;;;;;;;;;;;;;;;;;;;;;;;;;;;;;;;;;;;;;;;;;;;;;;;;;;;;;;;;;;;;;;;;;;;;;;;;;;;;;;;;;;;;;;;;;;;;;;;;;;;;;;;;;;;;;;;;;;;;;;;;;;;;;;;;;;;;;;;;;;;;;;;;;;;;;;;;;;;;;;;;;;;;;;;;;;;;;;;;;;;;;;;;;;;;;;;;;;;;;;;;;;;;;;;;;;;;;;;;;;;;;;;;;;;;;;;;;;;;;;;;;;;;;;;;;;;;;;;;;;;;;;;;;;;;;;;;;;;;;;;;;;;;;;;;;;;;;;;;;;;;;;;;;;;;;;;;;;;;;;;;;
38;21;47,24199621;38,8968809;47,24107559;38,89720276;47,23968732;38,89771775;47,23824055;38,89810399;47,23712988;38,89842585;47,23578535;38,898855;47,23352003;38,89969185;47,23338849;38,89876917;47,23464539;38,89816836;47,23615071;38,89754609;47,23775829;38,89700964;47,23889818;38,89662341;47,24011111;38,89606551;47,24079063;38,89575437;47,24060066;38,89456347;47,24130209;38,89413432;47,24193045;38,89393047;47,24203274;38,89442399;47,24214965;38,89504627;47,24229578;38,89589385;47,24184278;38,89605478;47,24149206;38,89538959;0;766;276;;;;;;;;;;;;;;;;;;;;;;;;;;;;;;;;;;;;;;;;;;;;;;;;;;;;;;;;;;;;;;;;;;;;;;;;;;;;;;;;;;;;;;;;;;;;;;;;;;;;;;;;;;;;;;;;;;;;;;;;;;;;;;;;;;;;;;;;;;;;;;;;;;;;;;;;;;;;;;;;;;;;;;;;;;;;;;;;;;;;;;;;;;;;;;;;;;;;;;;;;;;;;;;;;;;;;;;;;;;;;;;;;;;;;;;;;;;;;;;;;;;;;;;;;;;;;;;;;;;;;;;;;;;;;;;;;;;;;;;;;;;;;;;;;;;;;;;;;;;;;;;;;;;;;;;;;;;;;;;;;;;;;;;;;;;;;;;;;;;;;;;;;;;;;;;;;;;;;;;;;;;;;;;;;;;;;;;;;;;;;;;;;;;;;;;;;;;;;;;;;;;;;;;;;;;;;;;;;;;;;;;;;;;;;;;;;;;;;;;;;;;;;;;;;;;;;;
42;35;47,23833554;38,90337184;47,23879588;38,90409068;47,23918315;38,9046593;47,23963617;38,90527085;47,23915392;38,90600041;47,23862782;38,90685872;47,23815287;38,90774921;47,23768522;38,90862897;47,23715911;38,90954092;47,23660376;38,91033486;47,23595342;38,91155795;47,23512768;38,91294197;47,23459424;38,91393975;47,23460885;38,91420797;47,2341704;38,9142938;47,23438963;38,91601041;47,23456501;38,9173837;47,23348349;38,91757682;47,23300118;38,91770557;47,2318977;38,91788796;47,23091113;38,91808108;47,23019494;38,91812399;47,23031918;38,91742662;47,23053112;38,91668633;47,23091844;38,9159675;47,23164924;38,9148517;47,23196348;38,91428307;47,23233618;38,91362861;47,23303041;38,91250208;47,23388541;38,91098932;47,23498884;38,90911177;47,23581458;38,90771702;47,23693989;38,90575365;47,23760484;38,90461639;47,23806519;38,90392974;47,23501077;38,91153649;0;1321;479;;;;;;;;;;;;;;;;;;;;;;;;;;;;;;;;;;;;;;;;;;;;;;;;;;;;;;;;;;;;;;;;;;;;;;;;;;;;;;;;;;;;;;;;;;;;;;;;;;;;;;;;;;;;;;;;;;;;;;;;;;;;;;;;;;;;;;;;;;;;;;;;;;;;;;;;;;;;;;;;;;;;;;;;;;;;;;;;;;;;;;;;;;;;;;;;;;;;;;;;;;;;;;;;;;;;;;;;;;;;;;;;;;;;;;;;;;;;;;;;;;;;;;;;;;;;;;;;;;;;;;;;;;;;;;;;;;;;;;;;;;;;;;;;;;;;;;;;;;;;;;;;;;;;;;;;;;;;;;;;;;;;;;;;;;;;;;;;;;;;;;;;;;;;;;;;;;;;;;;;;;;;;;;;;;;;;;;;;;;;;;;;;;;;;;;;;;;;;;;;;;;;;;;;;;;;;;;;;;;;;;;;;;
54;29;47,21181185;38,9103134;47,21110271;38,90970186;47,21032777;38,90913323;47,20942852;38,9084895;47,20911415;38,90957311;47,20874129;38,9109464;47,20830262;38,91243771;47,20811984;38,91300634;47,20768117;38,91447619;47,20734485;38,9154847;47,20820026;38,91616062;47,2092823;38,91691164;47,20997684;38,91739443;47,21075911;38,91802743;47,21098574;38,91741589;47,21117582;38,91670779;47,21138783;38,91605333;47,21161446;38,91534523;47,21188496;38,9155598;47,21214083;38,91484097;47,2123967;38,91450838;47,2123967;38,91450838;47,2127403;38,91446546;47,21304003;38,9145191;47,21325203;38,91397193;47,21350059;38,91316727;47,21374914;38,9123948;47,21391728;38,91175107;47,21181185;38,9103134;47,21072986;38,91275958;2;1320;479;;;;;;;;;;;;;;;;;;;;;;;;;;;;;;;;;;;;;;;;;;;;;;;;;;;;;;;;;;;;;;;;;;;;;;;;;;;;;;;;;;;;;;;;;;;;;;;;;;;;;;;;;;;;;;;;;;;;;;;;;;;;;;;;;;;;;;;;;;;;;;;;;;;;;;;;;;;;;;;;;;;;;;;;;;;;;;;;;;;;;;;;;;;;;;;;;;;;;;;;;;;;;;;;;;;;;;;;;;;;;;;;;;;;;;;;;;;;;;;;;;;;;;;;;;;;;;;;;;;;;;;;;;;;;;;;;;;;;;;;;;;;;;;;;;;;;;;;;;;;;;;;;;;;;;;;;;;;;;;;;;;;;;;;;;;;;;;;;;;;;;;;;;;;;;;;;;;;;;;;;;;;;;;;;;;;;;;;;;;;;;;;;;;;;;;;;;;;;;;;;;;;;;;;;;;;;;;;;;;;;;;;;;;;;;;;;;;;;;
56;18;47,21010113;38,92376736;47,20958205;38,92334894;47,20890213;38,92290905;47,20793706;38,92224387;47,20772504;38,92282322;47,2073741;38,92354206;47,20725712;38,92412141;47,20712551;38,92491535;47,20695004;38,92574147;47,20673801;38,92663196;47,20748377;38,92720059;47,20810522;38,92762974;47,2086828;38,9280589;47,20906297;38,92692164;47,20939928;38,92584876;47,20965516;38,92510847;47,20993298;38,9243038;47,21010113;38,92376736;47,20839766;38,92487243;0;412;150;;;;;;;;;;;;;;;;;;;;;;;;;;;;;;;;;;;;;;;;;;;;;;;;;;;;;;;;;;;;;;;;;;;;;;;;;;;;;;;;;;;;;;;;;;;;;;;;;;;;;;;;;;;;;;;;;;;;;;;;;;;;;;;;;;;;;;;;;;;;;;;;;;;;;;;;;;;;;;;;;;;;;;;;;;;;;;;;;;;;;;;;;;;;;;;;;;;;;;;;;;;;;;;;;;;;;;;;;;;;;;;;;;;;;;;;;;;;;;;;;;;;;;;;;;;;;;;;;;;;;;;;;;;;;;;;;;;;;;;;;;;;;;;;;;;;;;;;;;;;;;;;;;;;;;;;;;;;;;;;;;;;;;;;;;;;;;;;;;;;;;;;;;;;;;;;;;;;;;;;;;;;;;;;;;;;;;;;;;;;;;;;;;;;;;;;;;;;;;;;;;;;;;;;;;;;;;;;;;;;;;;;;;;;;;;;;;;;;;;;;;;;;;;;;;;;;;;;;;;;
57;25;47,2086828;38,9280589;47,20810522;38,92762974;47,20748377;38,92720059;47,20673801;38,92663196;47,2061531;38,92623499;47,2055828;38,92587021;47,20505637;38,92545179;47,20490283;38,92691091;47,20476391;38,92830566;47,20454456;38,92991498;47,20439101;38,93156723;47,20426671;38,93284396;47,20414973;38,93389538;47,20405467;38,93500045;47,20392306;38,93586949;47,20489552;38,93656686;47,20572172;38,93721059;47,20616772;38,93588022;47,20643093;38,93495754;47,20693542;38,93336967;47,20746914;38,93184618;47,20791513;38,93047288;47,20823682;38,9294;47,20850002;38,92852024;47,2086828;38,9280589;47,20599225;38,93104151;0;1744;633;;;;;;;;;;;;;;;;;;;;;;;;;;;;;;;;;;;;;;;;;;;;;;;;;;;;;;;;;;;;;;;;;;;;;;;;;;;;;;;;;;;;;;;;;;;;;;;;;;;;;;;;;;;;;;;;;;;;;;;;;;;;;;;;;;;;;;;;;;;;;;;;;;;;;;;;;;;;;;;;;;;;;;;;;;;;;;;;;;;;;;;;;;;;;;;;;;;;;;;;;;;;;;;;;;;;;;;;;;;;;;;;;;;;;;;;;;;;;;;;;;;;;;;;;;;;;;;;;;;;;;;;;;;;;;;;;;;;;;;;;;;;;;;;;;;;;;;;;;;;;;;;;;;;;;;;;;;;;;;;;;;;;;;;;;;;;;;;;;;;;;;;;;;;;;;;;;;;;;;;;;;;;;;;;;;;;;;;;;;;;;;;;;;;;;;;;;;;;;;;;;;;;;;;;;;;;;;;;;;;;;;;;;;;;;;;;;;;;;;;;;;;;;
58;26;47,2086828;38,9280589;47,20956012;38,92862752;47,21063482;38,92933563;47,21151211;38,92994717;47,21244056;38,9305909;47,21164371;38,93187836;47,21131472;38,93254355;47,21067138;38,93354133;47,21011575;38,93439964;47,2096771;38,93510774;47,20996222;38,93571928;47,20951626;38,9363952;47,20906297;38,93704966;47,20877784;38,93653468;47,20846346;38,93618062;47,20814909;38,93588022;47,20775428;38,93559054;47,20723518;38,93526867;47,2068623;38,93515066;47,20643093;38,93495754;47,20693542;38,93336967;47,20746914;38,93184618;47,20791513;38,93047288;47,20823682;38,9294;47,20850002;38,92852024;47,2086828;38,9280589;47,2092165;38,93191055;2;1432;520;;;;;;;;;;;;;;;;;;;;;;;;;;;;;;;;;;;;;;;;;;;;;;;;;;;;;;;;;;;;;;;;;;;;;;;;;;;;;;;;;;;;;;;;;;;;;;;;;;;;;;;;;;;;;;;;;;;;;;;;;;;;;;;;;;;;;;;;;;;;;;;;;;;;;;;;;;;;;;;;;;;;;;;;;;;;;;;;;;;;;;;;;;;;;;;;;;;;;;;;;;;;;;;;;;;;;;;;;;;;;;;;;;;;;;;;;;;;;;;;;;;;;;;;;;;;;;;;;;;;;;;;;;;;;;;;;;;;;;;;;;;;;;;;;;;;;;;;;;;;;;;;;;;;;;;;;;;;;;;;;;;;;;;;;;;;;;;;;;;;;;;;;;;;;;;;;;;;;;;;;;;;;;;;;;;;;;;;;;;;;;;;;;;;;;;;;;;;;;;;;;;;;;;;;;;;;;;;;;;;;;;;;;;;;;;;;;;;;;;;;;;;
62;22;47,20942852;38,9084895;47,20911415;38,90957311;47,20874129;38,9109464;47,20830262;38,91243771;47,20811984;38,91300634;47,20755688;38,912545;47,20644556;38,91180471;47,20538539;38,91107515;47,20456649;38,91048506;47,20375489;38,90992716;47,20321382;38,90958384;47,20255575;38,90909031;47,2028921;38,90795306;47,20334543;38,90657977;47,20368177;38,90548542;47,20398887;38,90456274;47,20511486;38,90535668;47,2061531;38,90613988;47,20684037;38,90659049;47,2075057;38,90710548;47,20839035;38,90772775;47,20893137;38,90809253;47,20578021;38,90852169;1;953;346;;;;;;;;;;;;;;;;;;;;;;;;;;;;;;;;;;;;;;;;;;;;;;;;;;;;;;;;;;;;;;;;;;;;;;;;;;;;;;;;;;;;;;;;;;;;;;;;;;;;;;;;;;;;;;;;;;;;;;;;;;;;;;;;;;;;;;;;;;;;;;;;;;;;;;;;;;;;;;;;;;;;;;;;;;;;;;;;;;;;;;;;;;;;;;;;;;;;;;;;;;;;;;;;;;;;;;;;;;;;;;;;;;;;;;;;;;;;;;;;;;;;;;;;;;;;;;;;;;;;;;;;;;;;;;;;;;;;;;;;;;;;;;;;;;;;;;;;;;;;;;;;;;;;;;;;;;;;;;;;;;;;;;;;;;;;;;;;;;;;;;;;;;;;;;;;;;;;;;;;;;;;;;;;;;;;;;;;;;;;;;;;;;;;;;;;;;;;;;;;;;;;;;;;;;;;;;;;;;;;;;;;;;;;;;;;;;;;;;;;;;;;;;;;;;;;
63;39;47,1989289;38,90126899;47,19967477;38,90158013;47,20003307;38,90183762;47,20057418;38,90211657;47,20118109;38,90253499;47,20191961;38,90310362;47,20254112;38,90358642;47,20333081;38,90411213;47,20398887;38,90456274;47,20368177;38,90548542;47,20334543;38,90657977;47,2028921;38,90795306;47,20255575;38,90909031;47,20321382;38,90958384;47,20375489;38,90992716;47,20319919;38,91120389;47,20229983;38,91353205;47,20180993;38,91470149;47,20151744;38,91552762;47,20103484;38,91700819;47,2006473;38,9183493;47,20026706;38,91858533;47,19959433;38,91812399;47,19941152;38,91753391;47,19895084;38,91705111;47,19896546;38,91572073;47,19897278;38,91463712;47,19902396;38,91345695;47,19900934;38,91235188;47,19895084;38,91111806;47,19889965;38,90986279;47,1989289;38,90859679;47,19896546;38,90730933;47,19898009;38,90623644;47,19900934;38,90505627;47,19902396;38,90409068;47,1989874;38,90337184;47,1989289;38,90232042;47,1989289;38,90126899;47,20083741;38,9095302;1;2193;793;;;;;;;;;;;;;;;;;;;;;;;;;;;;;;;;;;;;;;;;;;;;;;;;;;;;;;;;;;;;;;;;;;;;;;;;;;;;;;;;;;;;;;;;;;;;;;;;;;;;;;;;;;;;;;;;;;;;;;;;;;;;;;;;;;;;;;;;;;;;;;;;;;;;;;;;;;;;;;;;;;;;;;;;;;;;;;;;;;;;;;;;;;;;;;;;;;;;;;;;;;;;;;;;;;;;;;;;;;;;;;;;;;;;;;;;;;;;;;;;;;;;;;;;;;;;;;;;;;;;;;;;;;;;;;;;;;;;;;;;;;;;;;;;;;;;;;;;;;;;;;;;;;;;;;;;;;;;;;;;;;;;;;;;;;;;;;;;;;;;;;;;;;;;;;;;;;;;;;;;;;;;;;;;;;;;;;;;;;;;;;;;;;;;;;;;;;;;;;;;;;;;;;;;;;;;;;;;;;
69;33;47,23367349;38,87236551;47,23389272;38,87207583;47,23408271;38,87188271;47,23425809;38,87208656;47,2344554;38,87175396;47,23466731;38,87106732;47,23498154;38,87005881;47,23522268;38,86930779;47,23556613;38,86833147;47,23655261;38,86908248;47,23714449;38,86940435;47,23737101;38,86958674;47,2371518;38,87021974;47,2369472;38,87101367;47,23742947;38,87142137;47,23792635;38,87174324;47,23833554;38,87205437;47,23868628;38,87225822;47,23904432;38,87251571;47,23878127;38,87342766;47,23877396;38,87412504;47,23867166;38,87470439;47,23682298;38,87462929;47,2366403;38,87466148;47,23612148;38,87439326;47,23569766;38,87409285;47,23569766;38,87409285;47,23509845;38,8737388;47,23447732;38,87339548;47,23388541;38,87306288;47,23390733;38,87274102;47,23388541;38,87233332;47,23367349;38,87236551;47,23581458;38,87218312;1;1284;466;;;;;;;;;;;;;;;;;;;;;;;;;;;;;;;;;;;;;;;;;;;;;;;;;;;;;;;;;;;;;;;;;;;;;;;;;;;;;;;;;;;;;;;;;;;;;;;;;;;;;;;;;;;;;;;;;;;;;;;;;;;;;;;;;;;;;;;;;;;;;;;;;;;;;;;;;;;;;;;;;;;;;;;;;;;;;;;;;;;;;;;;;;;;;;;;;;;;;;;;;;;;;;;;;;;;;;;;;;;;;;;;;;;;;;;;;;;;;;;;;;;;;;;;;;;;;;;;;;;;;;;;;;;;;;;;;;;;;;;;;;;;;;;;;;;;;;;;;;;;;;;;;;;;;;;;;;;;;;;;;;;;;;;;;;;;;;;;;;;;;;;;;;;;;;;;;;;;;;;;;;;;;;;;;;;;;;;;;;;;;;;;;;;;;;;;;;;;;;;;;;;;;;;;;;;;;;;;;;;;;;;;;;;;;;
70;19;47,23904432;38,87251571;47,23868628;38,87225822;47,23833554;38,87205437;47,23792635;38,87174324;47,23742947;38,87142137;47,2369472;38,87101367;47,2371518;38,87021974;47,23737101;38,86958674;47,23759753;38,86896447;47,23783136;38,86819199;47,23810903;38,86736587;47,23883242;38,86787013;47,23941697;38,86828855;47,23982615;38,86852458;47,24027916;38,86885718;47,24003074;38,8696082;47,23981884;38,87027338;47,23957772;38,87098149;47,23930006;38,87186125;47,23875204;38,86967257;0;955;344;;;;;;;;;;;;;;;;;;;;;;;;;;;;;;;;;;;;;;;;;;;;;;;;;;;;;;;;;;;;;;;;;;;;;;;;;;;;;;;;;;;;;;;;;;;;;;;;;;;;;;;;;;;;;;;;;;;;;;;;;;;;;;;;;;;;;;;;;;;;;;;;;;;;;;;;;;;;;;;;;;;;;;;;;;;;;;;;;;;;;;;;;;;;;;;;;;;;;;;;;;;;;;;;;;;;;;;;;;;;;;;;;;;;;;;;;;;;;;;;;;;;;;;;;;;;;;;;;;;;;;;;;;;;;;;;;;;;;;;;;;;;;;;;;;;;;;;;;;;;;;;;;;;;;;;;;;;;;;;;;;;;;;;;;;;;;;;;;;;;;;;;;;;;;;;;;;;;;;;;;;;;;;;;;;;;;;;;;;;;;;;;;;;;;;;;;;;;;;;;;;;;;;;;;;;;;;;;;;;;;;;;;;;;;;;;;;;;;;;;;;;;;;;;;;;;;;;;;;
72;61;47,24041799;38,86847094;47,24111943;38,86894301;47,24172587;38,86938289;47,24249305;38,8699086;47,24330405;38,87042359;47,24378627;38,87075618;47,24451688;38,8712819;47,24483835;38,87149647;47,24534247;38,87182907;47,24559087;38,87107805;47,24584658;38,8702412;47,2461169;38,86952237;47,24629955;38,86898592;47,246621;38,86832074;47,24692054;38,86805252;47,2471251;38,86858896;47,2473808;38,86916831;47,24723469;38,86962965;47,24705935;38,86936143;47,24675981;38,86957601;47,24706666;38,87025193;47,24732966;38,87091711;47,24756345;38,87151793;47,24770225;38,87209729;47,24773878;38,87289122;47,24759267;38,87338475;47,24748308;38,87377099;47,24726391;38,87412504;47,24706666;38,87489751;47,2468694;38,87562707;47,24669406;38,8761957;47,24657717;38,87656048;47,24638722;38,87715057;47,24610959;38,87712911;47,24573699;38,87715057;47,24547398;38,87713984;47,24512329;38,8771613;47,24507215;38,87775138;47,24533516;38,87776211;47,24532055;38,87865261;47,24529863;38,87931779;47,24520365;38,88007954;47,24503562;38,87977913;47,2447799;38,87992934;47,24397623;38,87985424;47,24311409;38,87973622;47,24189392;38,87968257;47,24088562;38,87966112;47,2402134;38,87960747;47,23949003;38,87958601;47,23862052;38,87953237;47,23864974;38,8768287;47,23867166;38,87470439;47,23877396;38,87412504;47,23878127;38,87342766;47,23904432;38,87251571;47,23930006;38,87186125;47,23957772;38,87098149;47,23981884;38,87027338;47,24003074;38,8696082;47,24027916;38,86885718;47,24215695;38,87417868;0;2654;963;;;;;;;;;;;;;;;;;;;;;;;;;;;;;;;;;;;;;;;;;;;;;;;;;;;;;;;;;;;;;;;;;;;;;;;;;;;;;;;;;;;;;;;;;;;;;;;;;;;;;;;;;;;;;;;;;;;;;;;;;;;;;;;;;;;;;;;;;;;;;;;;;;;;;;;;;;;;;;;;;;;;;;;;;;;;;;;;;;;;;;;;;;;;;;;;;;;;;;;;;;;;;;;;;;;;;;;;;;;;;;;;;;;;;;;;;;;;;;;;;;;;;;;;;;;;;;;;;;;;;;;;;;;;;;;;;;;;;;;;;;;;;;;;;;;;;;;;;;;;;;;;;;;;;;;;;;;;;;;;;;;;;;;;;;;;;;;;;;;;;;;;;;;;;;;;;;;;;;;;;;;;;;;;;;;;;;
77;84;47,21172412;38,94334749;47,21149018;38,94293979;47,211227;38,94233898;47,21097112;38,94183472;47,21053978;38,94244627;47,21015962;38,94292906;47,20980138;38,94337967;47,20939197;38,94261793;47,20913608;38,94203857;47,20892406;38,94170598;47,20869011;38,9410837;47,20826606;38,94017175;47,20777621;38,94089058;47,20733023;38,9415665;47,20697197;38,94211367;47,20658447;38,94270376;47,20602881;38,94351915;47,20606536;38,94399122;47,20610192;38,94451693;47,20561936;38,94466713;47,20509293;38,94479588;47,20441295;38,94489244;47,20379145;38,94444183;47,20350629;38,94524649;47,20330887;38,94595459;47,20291403;38,94755319;47,20272392;38,94844368;47,20249725;38,94936636;47,20287747;38,94972042;47,20330156;38,95011738;47,20374027;38,95050362;47,20433983;38,95105079;47,20407661;38,95158723;47,2036964;38,95235971;47,20327231;38,95319656;47,20395962;38,95370081;47,20439832;38,95397976;47,20503444;38,95439819;47,20482971;38,95475224;47,20451531;38,95537451;47,20414242;38,95601824;47,20365984;38,95598606;47,20308952;38,95595387;47,20295059;38,95617918;47,20262887;38,95614162;47,20239489;38,9560397;47,20210241;38,95577148;47,20201466;38,95599679;47,20231445;38,95625428;47,20255575;38,95632938;47,20282629;38,95632938;47,20303102;38,95635084;47,20321382;38,95636157;47,20327231;38,95646885;47,20308221;38,95662979;47,20308952;38,95670489;47,20316264;38,95666197;47,20348436;38,95655468;47,2038207;38,95639375;47,20411317;38,95634011;47,20448606;38,95681218;47,20458843;38,95675853;47,20480778;38,95630792;47,205071;38,95583585;47,20540002;38,95519212;47,2056413;38,95480588;47,20569248;38,95459131;47,20588258;38,953733;47,2064748;38,95363644;47,20685499;38,95357207;47,20724249;38,95348624;47,20733023;38,95333603;47,20739603;38,95312146;47,20749839;38,95268157;47,20771041;38,95204857;47,20799555;38,95116881;47,20833186;38,95013884;47,20867549;38,94909814;47,20899717;38,94845441;47,20957474;38,94741372;47,21024735;38,94616917;47,21081759;38,94507483;47,21133666;38,94409851;47,21172412;38,94334749;47,20645287;38,94874409;1;580;226;;;;;;;;;;;;;;;;;;;;;;;;;;;;;;;;;;;;;;;;;;;;;;;;;;;;;;;;;;;;;;;;;;;;;;;;;;;;;;;;;;;;;;;;;;;;;;;;;;;;;;;;;;;;;;;;;;;;;;;;;;;;;;;;;;;;;;;;;;;;;;;;;;;;;;;;;;;;;;;;;;;;;;;;;;;;;;;;;;;;;;;;;;;;;;;;;;;;;;;;;;;;;;;;;;;;;;;;;;;;;;;;;;;;;;;;;;;;;;;;;;;;;;;;;;;;;;;;;;;;;;;;;;;;;;;;;;;;;;;;;;;;;;;;;;;;;;;;;;;;;;;;;;;;;;;;;;;;;;;;;;;;;;;;
78;46;47,21172412;38,94334749;47,21149018;38,94293979;47,211227;38,94233898;47,21097112;38,94183472;47,21124893;38,94142703;47,21164371;38,94072965;47,21158522;38,94021467;47,21131472;38,93951729;47,21102961;38,93875555;47,21074448;38,93792943;47,21035701;38,93697456;47,21025466;38,93657759;47,20996222;38,93571928;47,2096771;38,93510774;47,21011575;38,93439964;47,21067138;38,93354133;47,21131472;38,93254355;47,21164371;38,93187836;47,21244056;38,9305909;47,21294499;38,92978624;47,213369;38,92911032;47,21388073;38,92831639;47,21423162;38,92919615;47,21465562;38,93025831;47,21500651;38,9310737;47,21525506;38,93183545;47,21481644;38,93276885;47,214429;38,9335306;47,21399769;38,93447474;47,21362486;38,93536523;47,21323741;38,93611625;47,21301078;38,9367278;47,21272568;38,93735007;47,2130181;38,93803671;47,21325203;38,93846587;47,21347134;38,93890575;47,21295961;38,94006446;47,21261602;38,94080475;47,21226511;38,94154504;47,21265257;38,94200638;47,21282802;38,94254282;47,2125356;38,94265011;47,21228704;38,94274667;47,21200924;38,94287542;47,21172412;38,94334749;47,21172412;38,94334749;47,21234553;38,93480733;2;643;234;;;;;;;;;;;;;;;;;;;;;;;;;;;;;;;;;;;;;;;;;;;;;;;;;;;;;;;;;;;;;;;;;;;;;;;;;;;;;;;;;;;;;;;;;;;;;;;;;;;;;;;;;;;;;;;;;;;;;;;;;;;;;;;;;;;;;;;;;;;;;;;;;;;;;;;;;;;;;;;;;;;;;;;;;;;;;;;;;;;;;;;;;;;;;;;;;;;;;;;;;;;;;;;;;;;;;;;;;;;;;;;;;;;;;;;;;;;;;;;;;;;;;;;;;;;;;;;;;;;;;;;;;;;;;;;;;;;;;;;;;;;;;;;;;;;;;;;;;;;;;;;;;;;;;;;;;;;;;;;;;;;;;;;;;;;;;;;;;;;;;;;;;;;;;;;;;;;;;;;;;;;;;;;;;;;;;;;;;;;;;;;;;;;;;;;;;;;;;;;;;;;;
82;56;47,22207501;38,91677216;47,22299597;38,91734079;47,22389498;38,91790942;47,22445777;38,91815618;47,22443584;38,91914323;47,22437006;38,91982988;47,2242385;38,92085985;47,22418734;38,92144993;47,22399;38,92220095;47,2239096;38,92287687;47,22385113;38,92372445;47,22453086;38,92383173;47,22508633;38,92388538;47,22593415;38,92401412;47,22588298;38,92524794;47,22579528;38,92669633;47,22572219;38,92797307;47,22565641;38,92898158;47,22564911;38,92946437;47,22551024;38,92946437;47,22546639;38,9299579;47,22567103;38,930033;47,22561256;38,93054799;47,22559064;38,93098787;47,22583182;38,93138484;47,22597069;38,93232897;47,22601454;38,9338632;47,22521789;38,93405632;47,22434813;38,93428162;47,22347837;38,93445328;47,22273284;38,93466786;47,22199461;38,93486098;47,22173148;38,93373445;47,22162184;38,93316582;47,22150489;38,93238262;47,2211248;38,93240407;47,22108826;38,93207148;47,22106633;38,93173889;47,22102247;38,93118099;47,2214318;38,93076256;47,22194345;38,93007592;47,22224312;38,92958239;47,22258666;38,92890647;47,22295211;38,92803744;47,2232664;38,92695383;47,22347106;38,92568782;47,22354415;38,9245613;47,22351491;38,92343477;47,22344182;38,92273739;47,22324448;38,9218469;47,22301789;38,92089203;47,22276208;38,920023;47,2224624;38,91906813;47,22233083;38,91839221;47,22216272;38,91754464;47,22207501;38,91677216;47,22386574;38,93197492;1;1654;600;;;;;;;;;;;;;;;;;;;;;;;;;;;;;;;;;;;;;;;;;;;;;;;;;;;;;;;;;;;;;;;;;;;;;;;;;;;;;;;;;;;;;;;;;;;;;;;;;;;;;;;;;;;;;;;;;;;;;;;;;;;;;;;;;;;;;;;;;;;;;;;;;;;;;;;;;;;;;;;;;;;;;;;;;;;;;;;;;;;;;;;;;;;;;;;;;;;;;;;;;;;;;;;;;;;;;;;;;;;;;;;;;;;;;;;;;;;;;;;;;;;;;;;;;;;;;;;;;;;;;;;;;;;;;;;;;;;;;;;;;;;;;;;;;;;;;;;;;;;;;;;;;;;;;;;;;;;;;;;;;;;;;;;;;;;;;;;;;;;;;;;;;;;;;;;;;;;;;;;;;;;;;;;;;;;;;;;;;;;;;;;;
88;37;47,24088562;38,90710548;47,24144822;38,90688017;47,24190853;38,90676216;47,24214965;38,90714839;47,2426684;38,90694455;47,24304103;38,90672997;47,2439397;38,90637592;47,24472876;38,9061828;47,2452621;38,90606478;47,24576621;38,90594676;47,24642375;38,90578583;47,24642375;38,9073737;47,24635069;38,90878991;47,24630685;38,91033486;47,24634338;38,91234115;47,2462411;38,91408995;47,24623379;38,91535595;47,24619726;38,91668633;47,24623379;38,91773776;47,24606576;38,91774848;47,2451379;38,91766265;47,2442977;38,91759828;47,24343557;38,91753391;47,24264648;38,91746953;47,24176971;38,91742662;47,24100983;38,91744808;47,24103906;38,91671852;47,24115596;38,9156349;47,24122172;38,91479805;47,2413094;38,91376809;47,24136785;38,91284541;47,24143361;38,91196564;47,24154321;38,91089276;47,24157244;38,90979842;47,24143361;38,90891865;47,24117788;38,90791014;47,24088562;38,90710548;47,24395431;38,91225532;0;1785;648;;;;;;;;;;;;;;;;;;;;;;;;;;;;;;;;;;;;;;;;;;;;;;;;;;;;;;;;;;;;;;;;;;;;;;;;;;;;;;;;;;;;;;;;;;;;;;;;;;;;;;;;;;;;;;;;;;;;;;;;;;;;;;;;;;;;;;;;;;;;;;;;;;;;;;;;;;;;;;;;;;;;;;;;;;;;;;;;;;;;;;;;;;;;;;;;;;;;;;;;;;;;;;;;;;;;;;;;;;;;;;;;;;;;;;;;;;;;;;;;;;;;;;;;;;;;;;;;;;;;;;;;;;;;;;;;;;;;;;;;;;;;;;;;;;;;;;;;;;;;;;;;;;;;;;;;;;;;;;;;;;;;;;;;;;;;;;;;;;;;;;;;;;;;;;;;;;;;;;;;;;;;;;;;;;;;;;;;;;;;;;;;;;;;;;;;;;;;;;;;;;;;;;;;;;;;;;;;;;;;;;
92;40;47,25315201;38,91339258;47,25251648;38,91330675;47,2525457;38,91313508;47,25231193;38,91312436;47,25182249;38,91300634;47,25173483;38,91372517;47,25171292;38,91412214;47,25099701;38,91398266;47,25049295;38,91396121;47,2501496;38,91392902;47,24976972;38,91390756;47,24971858;38,9149268;47,24966014;38,91601041;47,2496017;38,91717986;47,249609;38,91792015;47,25025918;38,91788796;47,2509751;38,91789869;47,25160334;38,91787723;47,25227541;38,91789869;47,25280867;38,9178665;47,25283789;38,91757682;47,25278676;38,91734079;47,25277215;38,91712621;47,25286711;38,91697601;47,25277945;38,91672924;47,25262605;38,91642884;47,25262605;38,91606406;47,25262605;38,91554907;47,2526991;38,91502336;47,25275754;38,91456202;47,25312279;38,91460494;47,25342959;38,91463712;47,2535903;38,91452983;47,25362682;38,91412214;47,25350264;38,91404704;47,25323236;38,91398266;47,25311548;38,91386465;47,2531374;38,91359642;47,25315201;38,91339258;47,25251648;38,91330675;47,25174944;38,91559199;2;1322;480;;;;;;;;;;;;;;;;;;;;;;;;;;;;;;;;;;;;;;;;;;;;;;;;;;;;;;;;;;;;;;;;;;;;;;;;;;;;;;;;;;;;;;;;;;;;;;;;;;;;;;;;;;;;;;;;;;;;;;;;;;;;;;;;;;;;;;;;;;;;;;;;;;;;;;;;;;;;;;;;;;;;;;;;;;;;;;;;;;;;;;;;;;;;;;;;;;;;;;;;;;;;;;;;;;;;;;;;;;;;;;;;;;;;;;;;;;;;;;;;;;;;;;;;;;;;;;;;;;;;;;;;;;;;;;;;;;;;;;;;;;;;;;;;;;;;;;;;;;;;;;;;;;;;;;;;;;;;;;;;;;;;;;;;;;;;;;;;;;;;;;;;;;;;;;;;;;;;;;;;;;;;;;;;;;;;;;;;;;;;;;;;;;;;;;;;;;;;;;;;;;;;;;;;;;;;;;;;
93;59;47,24962361;38,91848877;47,24959439;38,91926125;47,24957978;38,92044142;47,24957978;38,92120317;47,24957978;38,92198637;47,24956517;38,92244771;47,24955056;38,9229627;47,24895151;38,92271594;47,24830862;38,92252282;47,2476365;38,92236188;47,24735889;38,92214731;47,24711049;38,92152503;47,24683287;38,92078475;47,24658447;38,92015174;47,24647489;38,91982988;47,24594886;38,91982988;47,24551051;38,91984061;47,2455032;38,92055944;47,24546667;38,92103151;47,24541553;38,92160014;47,24494794;38,92153576;47,24446574;38,92142848;47,24402737;38,92132119;47,24379357;38,9212139;47,24381549;38,9207311;47,24383741;38,92022685;47,24388125;38,91962603;47,24391047;38,91942218;47,24421003;38,91944364;47,24448035;38,91940073;47,24450227;38,91908959;47,24451688;38,91860679;47,2445388;38,91828493;47,24461917;38,91804889;47,24432692;38,91802743;47,24369859;38,91796306;47,24293143;38,91787723;47,24249305;38,91783432;47,24194507;38,9177914;47,24144092;38,91776994;47,24098791;38,9177163;47,2409733;38,91807035;47,24055682;38,91815618;47,24055682;38,91740516;47,24100983;38,91744808;47,24176971;38,91742662;47,24264648;38,91746953;47,24343557;38,91753391;47,2442977;38,91759828;47,2451379;38,91766265;47,24606576;38,91774848;47,24614612;38,91833857;47,24635799;38,91895011;47,24658447;38,91897157;47,2469936;38,91897157;47,24752692;38,91902522;47,24833784;38,91904667;47,24837437;38,9184995;47,24962361;38,91848877;47,24499908;38,91952947;1;1205;435;;;;;;;;;;;;;;;;;;;;;;;;;;;;;;;;;;;;;;;;;;;;;;;;;;;;;;;;;;;;;;;;;;;;;;;;;;;;;;;;;;;;;;;;;;;;;;;;;;;;;;;;;;;;;;;;;;;;;;;;;;;;;;;;;;;;;;;;;;;;;;;;;;;;;;;;;;;;;;;;;;;;;;;;;;;;;;;;;;;;;;;;;;;;;;;;;;;;;;;;;;;;;;;;;;;;;;;;;;;;;;;;;;;;;;;;;;;;;;;;;;;;;;;;;;;;;;;;;;;;;;;;;;;;;;;;;;;;;;;;;;;;;;;;;;;;;;;;;;;;;;;;;;;;;;;;;;;;;;;;;;;;;;;;;;;;;;;;;;;;;;;;;;;;;;;;;;;;;;;;;;;;;;;;;;;;;;;;;;
95;41;47,25082899;38,92285541;47,25090935;38,9224799;47,25098971;38,92190054;47,25099701;38,9213641;47,25096049;38,92072037;47,25098971;38,91960457;47,2513988;38,9195402;47,2513988;38,91907886;47,2513988;38,91855315;47,25143532;38,91811326;47,25142071;38,91788796;47,25160334;38,91787723;47,25227541;38,91789869;47,25280867;38,9178665;47,25334924;38,91795233;47,2537437;38,91797379;47,25409433;38,91799525;47,25409433;38,91908959;47,25408703;38,92005518;47,25407972;38,92081693;47,25408703;38,92152503;47,2540505;38,922555;47,2538898;38,92279104;47,25379484;38,92298416;47,2537364;38,92372445;47,25362682;38,92458275;47,25352456;38,92537669;47,25349534;38,92619208;47,25350995;38,92651394;47,25315201;38,92649249;47,25271371;38,92633155;47,25227541;38,92626718;47,25196129;38,92619208;47,25145724;38,92615989;47,25158873;38,92508701;47,25166178;38,92462567;47,25172022;38,9240034;47,25181519;38,92332748;47,2512673;38,92310217;47,25082899;38,92285541;47,25090935;38,9224799;47,25272832;38,92141775;2;824;299;;;;;;;;;;;;;;;;;;;;;;;;;;;;;;;;;;;;;;;;;;;;;;;;;;;;;;;;;;;;;;;;;;;;;;;;;;;;;;;;;;;;;;;;;;;;;;;;;;;;;;;;;;;;;;;;;;;;;;;;;;;;;;;;;;;;;;;;;;;;;;;;;;;;;;;;;;;;;;;;;;;;;;;;;;;;;;;;;;;;;;;;;;;;;;;;;;;;;;;;;;;;;;;;;;;;;;;;;;;;;;;;;;;;;;;;;;;;;;;;;;;;;;;;;;;;;;;;;;;;;;;;;;;;;;;;;;;;;;;;;;;;;;;;;;;;;;;;;;;;;;;;;;;;;;;;;;;;;;;;;;;;;;;;;;;;;;;;;;;;;;;;;;;;;;;;;;;;;;;;;;;;;;;;;;;;;;;;;;;;;;;;;;;;;;;;;;;;;;;;;;;;;;;;;;;;;;
96;27;47,2537364;38,92372445;47,25379484;38,92298416;47,2538898;38,92279104;47,2540505;38,922555;47,25408703;38,92152503;47,25407972;38,92081693;47,25408703;38,92005518;47,25409433;38,91908959;47,25409433;38,91799525;47,25494168;38,91793087;47,25605928;38,91793087;47,25697234;38,91800598;47,25800955;38,91803816;47,25809721;38,91949728;47,25807529;38,92087058;47,25803147;38,92215804;47,25804608;38,92266229;47,25806068;38,92320946;47,25810451;38,92398194;47,25805338;38,92490462;47,25716956;38,92466858;47,2562492;38,92440036;47,25551875;38,92419651;47,25472254;38,92399267;47,25424043;38,92381028;47,2537364;38,92372445;47,2538898;38,92279104;47,25620538;38,92164305;1;1834;662;;;;;;;;;;;;;;;;;;;;;;;;;;;;;;;;;;;;;;;;;;;;;;;;;;;;;;;;;;;;;;;;;;;;;;;;;;;;;;;;;;;;;;;;;;;;;;;;;;;;;;;;;;;;;;;;;;;;;;;;;;;;;;;;;;;;;;;;;;;;;;;;;;;;;;;;;;;;;;;;;;;;;;;;;;;;;;;;;;;;;;;;;;;;;;;;;;;;;;;;;;;;;;;;;;;;;;;;;;;;;;;;;;;;;;;;;;;;;;;;;;;;;;;;;;;;;;;;;;;;;;;;;;;;;;;;;;;;;;;;;;;;;;;;;;;;;;;;;;;;;;;;;;;;;;;;;;;;;;;;;;;;;;;;;;;;;;;;;;;;;;;;;;;;;;;;;;;;;;;;;;;;;;;;;;;;;;;;;;;;;;;;;;;;;;;;;;;;;;;;;;;;;;;;;;;;;;;;;;;;;;;;;;;;;;;;;;;;;;;;;;
98;20;47,25755669;38,91511992;47,25676051;38,91516283;47,25612503;38,91514138;47,25611772;38,91446546;47,25613233;38,91362861;47,25599354;38,9136608;47,25599354;38,91321019;47,25599354;38,9126952;47,25606659;38,91214803;47,25678973;38,9121373;47,25735947;38,91215876;47,25806068;38,91210512;47,25868885;38,9121373;47,25872537;38,91303853;47,25871806;38,91363934;47,25871076;38,91457275;47,2582579;38,91465858;47,25769547;38,91463712;47,25756399;38,91462639;47,25755669;38,91511992;47,25721339;38,91360715;0;1034;375;;;;;;;;;;;;;;;;;;;;;;;;;;;;;;;;;;;;;;;;;;;;;;;;;;;;;;;;;;;;;;;;;;;;;;;;;;;;;;;;;;;;;;;;;;;;;;;;;;;;;;;;;;;;;;;;;;;;;;;;;;;;;;;;;;;;;;;;;;;;;;;;;;;;;;;;;;;;;;;;;;;;;;;;;;;;;;;;;;;;;;;;;;;;;;;;;;;;;;;;;;;;;;;;;;;;;;;;;;;;;;;;;;;;;;;;;;;;;;;;;;;;;;;;;;;;;;;;;;;;;;;;;;;;;;;;;;;;;;;;;;;;;;;;;;;;;;;;;;;;;;;;;;;;;;;;;;;;;;;;;;;;;;;;;;;;;;;;;;;;;;;;;;;;;;;;;;;;;;;;;;;;;;;;;;;;;;;;;;;;;;;;;;;;;;;;;;;;;;;;;;;;;;;;;;;;;;;;;;;;;;;;;;;;;;;;;;;;;;;;;;;;;;;;;;;;;;;;
100;22;47,26082161;38,91396121;47,26030304;38,91439036;47,25989402;38,91470149;47,2598575;38,91517356;47,25934621;38,91521648;47,25859389;38,91518429;47,25809721;38,91516283;47,2580899;38,91649321;47,25800955;38,91803816;47,25809721;38,91949728;47,2587911;38,91952947;47,25936813;38,91952947;47,25990132;38,91952947;47,25993784;38,91810254;47,2606098;38,91808108;47,26120141;38,91807035;47,26158121;38,9176412;47,26196831;38,91731933;47,26161042;38,91628936;47,26130367;38,9153345;47,26104803;38,91472295;47,26082161;38,91396121;47,25945578;38,91720131;5;1645;597;;;;;;;;;;;;;;;;;;;;;;;;;;;;;;;;;;;;;;;;;;;;;;;;;;;;;;;;;;;;;;;;;;;;;;;;;;;;;;;;;;;;;;;;;;;;;;;;;;;;;;;;;;;;;;;;;;;;;;;;;;;;;;;;;;;;;;;;;;;;;;;;;;;;;;;;;;;;;;;;;;;;;;;;;;;;;;;;;;;;;;;;;;;;;;;;;;;;;;;;;;;;;;;;;;;;;;;;;;;;;;;;;;;;;;;;;;;;;;;;;;;;;;;;;;;;;;;;;;;;;;;;;;;;;;;;;;;;;;;;;;;;;;;;;;;;;;;;;;;;;;;;;;;;;;;;;;;;;;;;;;;;;;;;;;;;;;;;;;;;;;;;;;;;;;;;;;;;;;;;;;;;;;;;;;;;;;;;;;;;;;;;;;;;;;;;;;;;;;;;;;;;;;;;;;;;;;;;;;;;;;;;;;;;;;;;;;;;;;;;;;;;;;;;;;;;
102;31;47,26262564;38,91897157;47,26224585;38,91935781;47,26190988;38,91964749;47,26163964;38,92029122;47,26143513;38,92085985;47,26130367;38,9213641;47,26113568;38,92200783;47,26099691;38,92285541;47,26152278;38,92271594;47,26199022;38,92257646;47,26189527;38,92327383;47,2617492;38,92423943;47,26163964;38,92499045;47,2615593;38,92572001;47,26201943;38,92588094;47,26236271;38,92595604;47,26280823;38,92611698;47,2631661;38,92599896;47,26350936;38,92576292;47,26365543;38,92546252;47,26381611;38,92440036;47,26389645;38,92364934;47,26397679;38,923188;47,26402791;38,9226301;47,26386723;38,92215804;47,26363352;38,92162159;47,26342903;38,92102078;47,26320992;38,92044142;47,26303464;38,92000154;47,26285935;38,91943291;47,26262564;38,91897157;47,26297621;38,92261938;4;934;339;;;;;;;;;;;;;;;;;;;;;;;;;;;;;;;;;;;;;;;;;;;;;;;;;;;;;;;;;;;;;;;;;;;;;;;;;;;;;;;;;;;;;;;;;;;;;;;;;;;;;;;;;;;;;;;;;;;;;;;;;;;;;;;;;;;;;;;;;;;;;;;;;;;;;;;;;;;;;;;;;;;;;;;;;;;;;;;;;;;;;;;;;;;;;;;;;;;;;;;;;;;;;;;;;;;;;;;;;;;;;;;;;;;;;;;;;;;;;;;;;;;;;;;;;;;;;;;;;;;;;;;;;;;;;;;;;;;;;;;;;;;;;;;;;;;;;;;;;;;;;;;;;;;;;;;;;;;;;;;;;;;;;;;;;;;;;;;;;;;;;;;;;;;;;;;;;;;;;;;;;;;;;;;;;;;;;;;;;;;;;;;;;;;;;;;;;;;;;;;;;;;;;;;;;;;;;;;;;;;;;;;;;;;;;;;;;;
105;31;47,25979906;38,93348769;47,26011314;38,93501118;47,26029573;38,93612698;47,26071206;38,93677071;47,26157391;38,93716768;47,26211438;38,93715695;47,26270598;38,93706039;47,26270598;38,93733934;47,26210708;38,937511;47,2615593;38,93753246;47,26095308;38,93742517;47,26021539;38,93729642;47,26014966;38,93810109;47,26009122;38,93916324;47,26040529;38,93924907;47,26095308;38,93922761;47,26182954;38,93866971;47,26298351;38,9379187;47,2639987;38,93727497;47,26415937;38,93800453;47,26457566;38,93768266;47,26520374;38,93708185;47,26499925;38,93628791;47,26469252;38,93460349;47,26543745;38,93428162;47,26519644;38,93296197;47,26486779;38,93144921;47,26411555;38,93177107;47,26272058;38,93230751;47,26120141;38,93295125;47,25979906;38,93348769;47,26318801;38,93531159;1;1034;375;;;;;;;;;;;;;;;;;;;;;;;;;;;;;;;;;;;;;;;;;;;;;;;;;;;;;;;;;;;;;;;;;;;;;;;;;;;;;;;;;;;;;;;;;;;;;;;;;;;;;;;;;;;;;;;;;;;;;;;;;;;;;;;;;;;;;;;;;;;;;;;;;;;;;;;;;;;;;;;;;;;;;;;;;;;;;;;;;;;;;;;;;;;;;;;;;;;;;;;;;;;;;;;;;;;;;;;;;;;;;;;;;;;;;;;;;;;;;;;;;;;;;;;;;;;;;;;;;;;;;;;;;;;;;;;;;;;;;;;;;;;;;;;;;;;;;;;;;;;;;;;;;;;;;;;;;;;;;;;;;;;;;;;;;;;;;;;;;;;;;;;;;;;;;;;;;;;;;;;;;;;;;;;;;;;;;;;;;;;;;;;;;;;;;;;;;;;;;;;;;;;;;;;;;;;;;;;;;;;;;;;;;;;;;;;;;;
115;36;47,272229;38,9196153;47,27170323;38,92015174;47,27166672;38,91995862;47,27152067;38,91973332;47,27132351;38,91948656;47,27112634;38,91915396;47,2710022;38,91879991;47,2706882;38,91912178;47,27033768;38,91943291;47,26989222;38,91980842;47,26946137;38,9201732;47,26892827;38,91867116;47,26842438;38,91745881;47,26782555;38,91588167;47,26730704;38,91431526;47,26689077;38,91334966;47,26775982;38,91264156;47,26844629;38,91214803;47,26995794;38,91083911;47,27060787;38,9103134;47,27120667;38,90984133;47,27176895;38,91141847;47,27211216;38,91234115;47,27274016;38,91187981;47,2735653;38,91122535;47,27420058;38,91278103;47,27448535;38,91362861;47,27479934;38,91439036;47,27515713;38,91534523;47,27547841;38,91622499;47,27571937;38,91669706;47,27551492;38,91685799;47,27497458;38,91722277;47,27422248;38,9179416;47,27310526;38,91884283;47,272229;38,9196153;47,2709949;38,91459421;0;1734;627;;;;;;;;;;;;;;;;;;;;;;;;;;;;;;;;;;;;;;;;;;;;;;;;;;;;;;;;;;;;;;;;;;;;;;;;;;;;;;;;;;;;;;;;;;;;;;;;;;;;;;;;;;;;;;;;;;;;;;;;;;;;;;;;;;;;;;;;;;;;;;;;;;;;;;;;;;;;;;;;;;;;;;;;;;;;;;;;;;;;;;;;;;;;;;;;;;;;;;;;;;;;;;;;;;;;;;;;;;;;;;;;;;;;;;;;;;;;;;;;;;;;;;;;;;;;;;;;;;;;;;;;;;;;;;;;;;;;;;;;;;;;;;;;;;;;;;;;;;;;;;;;;;;;;;;;;;;;;;;;;;;;;;;;;;;;;;;;;;;;;;;;;;;;;;;;;;;;;;;;;;;;;;;;;;;;;;;;;;;;;;;;;;;;;;;;;;;;;;;;;;;;;;;;;;;;;;;;;;;;;;;;
117;21;47,27817271;38,90404776;47,27782224;38,90284613;47,27723082;38,90126899;47,27661748;38,8996704;47,27596033;38,89790014;47,27551492;38,89681653;47,27479934;38,89487461;47,2739158;38,89573291;47,2732367;38,89629081;47,27240425;38,89689163;47,27278397;38,89811471;47,27329512;38,89947728;47,27203184;38,90055016;47,27143305;38,90111879;47,27235314;38,90351132;47,27294462;38,90509919;47,27363832;38,90680507;47,2739085;38,90757755;47,27517903;38,90656904;47,27665399;38,90529231;47,27817271;38,90404776;47,27456567;38,90209511;1;1132;409;;;;;;;;;;;;;;;;;;;;;;;;;;;;;;;;;;;;;;;;;;;;;;;;;;;;;;;;;;;;;;;;;;;;;;;;;;;;;;;;;;;;;;;;;;;;;;;;;;;;;;;;;;;;;;;;;;;;;;;;;;;;;;;;;;;;;;;;;;;;;;;;;;;;;;;;;;;;;;;;;;;;;;;;;;;;;;;;;;;;;;;;;;;;;;;;;;;;;;;;;;;;;;;;;;;;;;;;;;;;;;;;;;;;;;;;;;;;;;;;;;;;;;;;;;;;;;;;;;;;;;;;;;;;;;;;;;;;;;;;;;;;;;;;;;;;;;;;;;;;;;;;;;;;;;;;;;;;;;;;;;;;;;;;;;;;;;;;;;;;;;;;;;;;;;;;;;;;;;;;;;;;;;;;;;;;;;;;;;;;;;;;;;;;;;;;;;;;;;;;;;;;;;;;;;;;;;;;;;;;;;;;;;;;;;;;;;;;;;;;;;;;;;;;;;;;;;
121;31;47,25852085;38,90015319;47,25925857;38,89960602;47,25974063;38,89912322;47,26033956;38,89860824;47,2609823;38,89805034;47,26188797;38,89731005;47,26247226;38,89682725;47,26355319;38,89590457;47,2640133;38,89546469;47,26450263;38,89669851;47,26497734;38,89796451;47,26527678;38,89894083;47,26589755;38,90043214;47,26644528;38,90179471;47,26690537;38,90295342;47,26709525;38,90344695;47,26742389;38,90432671;47,26659134;38,90509919;47,26586834;38,9057;47,26525487;38,9062579;47,26440768;38,90690163;47,26372116;38,9074488;47,26264755;38,90832857;47,26181493;38,9089723;47,2615666;38,90828565;47,26101882;38,906966;47,26059519;38,9057751;47,26010583;38,90453056;47,25939004;38,90264228;47,25900292;38,90152648;47,25852085;38,90015319;47,26265485;38,90296415;0;2413;875;;;;;;;;;;;;;;;;;;;;;;;;;;;;;;;;;;;;;;;;;;;;;;;;;;;;;;;;;;;;;;;;;;;;;;;;;;;;;;;;;;;;;;;;;;;;;;;;;;;;;;;;;;;;;;;;;;;;;;;;;;;;;;;;;;;;;;;;;;;;;;;;;;;;;;;;;;;;;;;;;;;;;;;;;;;;;;;;;;;;;;;;;;;;;;;;;;;;;;;;;;;;;;;;;;;;;;;;;;;;;;;;;;;;;;;;;;;;;;;;;;;;;;;;;;;;;;;;;;;;;;;;;;;;;;;;;;;;;;;;;;;;;;;;;;;;;;;;;;;;;;;;;;;;;;;;;;;;;;;;;;;;;;;;;;;;;;;;;;;;;;;;;;;;;;;;;;;;;;;;;;;;;;;;;;;;;;;;;;;;;;;;;;;;;;;;;;;;;;;;;;;;;;;;;;;;;;;;;;;;;;;;;;;;;;;;;;
123;37;47,25822138;38,89324382;47,25887145;38,89260009;47,25976254;38,89187053;47,26037608;38,8913019;47,26096039;38,89085129;47,2619464;38,88999299;47,2625453;38,88946727;47,2631661;38,88895229;47,26392566;38,88849095;47,2642324;38,88844803;47,26462679;38,88934926;47,26503577;38,89027194;47,26543015;38,89118389;47,26582452;38,89208511;47,26568576;38,89221385;47,26593406;38,89298633;47,2662481;38,89371589;47,26580261;38,89404849;47,26524756;38,89452055;47,26462679;38,89494971;47,2640133;38,89546469;47,26355319;38,89590457;47,26247226;38,89682725;47,26188797;38,89731005;47,2609823;38,89805034;47,26033956;38,89860824;47,25974063;38,89912322;47,25925857;38,89960602;47,25852085;38,90015319;47,25815564;38,89930562;47,25768817;38,89812544;47,25720608;38,896956;47,25685547;38,89588312;47,25635146;38,89469222;47,25708921;38,89415577;47,25767356;38,89364079;47,25822138;38,89324382;47,2613694;38,8939412;2;1943;705;;;;;;;;;;;;;;;;;;;;;;;;;;;;;;;;;;;;;;;;;;;;;;;;;;;;;;;;;;;;;;;;;;;;;;;;;;;;;;;;;;;;;;;;;;;;;;;;;;;;;;;;;;;;;;;;;;;;;;;;;;;;;;;;;;;;;;;;;;;;;;;;;;;;;;;;;;;;;;;;;;;;;;;;;;;;;;;;;;;;;;;;;;;;;;;;;;;;;;;;;;;;;;;;;;;;;;;;;;;;;;;;;;;;;;;;;;;;;;;;;;;;;;;;;;;;;;;;;;;;;;;;;;;;;;;;;;;;;;;;;;;;;;;;;;;;;;;;;;;;;;;;;;;;;;;;;;;;;;;;;;;;;;;;;;;;;;;;;;;;;;;;;;;;;;;;;;;;;;;;;;;;;;;;;;;;;;;;;;;;;;;;;;;;;;;;;;;;;;;;;;;;;;;;;;;;;;;;;;;;;;
124;57;47,27230932;38,88859824;47,27197342;38,88801888;47,27171054;38,88713912;47,27145495;38,88640955;47,27093648;38,88496116;47,27052024;38,88392046;47,27013321;38,88279394;47,26949788;38,88091639;47,26933722;38,88007954;47,2687311;38,88026193;47,26778903;38,88071254;47,26689807;38,8812168;47,2662554;38,88157085;47,26567845;38,88196782;47,26491161;38,88246134;47,26425431;38,88292268;47,26352397;38,8834484;47,26297621;38,88378099;47,26225315;38,8843067;47,26165425;38,88473586;47,26051485;38,88555125;47,25987941;38,88596967;47,25935352;38,88633445;47,25892258;38,8866885;47,25830903;38,88725713;47,25779043;38,88783649;47,2572426;38,88858751;47,25679704;38,88937071;47,25711843;38,89041141;47,25756399;38,89157012;47,25789999;38,89251426;47,25822138;38,89324382;47,25887145;38,89260009;47,25976254;38,89187053;47,26037608;38,8913019;47,26096039;38,89085129;47,2619464;38,88999299;47,2625453;38,88946727;47,2631661;38,88895229;47,26392566;38,88849095;47,2642324;38,88844803;47,26462679;38,88934926;47,26503577;38,89027194;47,26543015;38,89118389;47,26582452;38,89208511;47,26568576;38,89221385;47,26593406;38,89298633;47,2662481;38,89371589;47,26675931;38,89326528;47,26729243;38,89280394;47,26798621;38,89217094;47,26853392;38,89175251;47,26923498;38,8911517;47,27003827;38,89062599;47,27064438;38,89010027;47,27144765;38,88937071;47,27230932;38,88859824;47,26723401;38,88697818;0;1404;507;;;;;;;;;;;;;;;;;;;;;;;;;;;;;;;;;;;;;;;;;;;;;;;;;;;;;;;;;;;;;;;;;;;;;;;;;;;;;;;;;;;;;;;;;;;;;;;;;;;;;;;;;;;;;;;;;;;;;;;;;;;;;;;;;;;;;;;;;;;;;;;;;;;;;;;;;;;;;;;;;;;;;;;;;;;;;;;;;;;;;;;;;;;;;;;;;;;;;;;;;;;;;;;;;;;;;;;;;;;;;;;;;;;;;;;;;;;;;;;;;;;;;;;;;;;;;;;;;;;;;;;;;;;;;;;;;;;;;;;;;;;;;;;;;;;;;;;;;;;;;;;;;;;;;;;;;;;;;;;;;;;;;;;;;;;;;;;;;;;;;;;;;;;;;;;;;;;;;;;;;;;;;;;;;;;;;;;;;;;;;;
125;28;47,27460218;38,95451621;47,27489426;38,95601824;47,2750549;38,95726279;47,2750549;38,95726279;47,2758435;38,96112517;47,27692415;38,96558836;47,27791716;38,97005156;47,28080847;38,96897868;47,28219566;38,96846369;47,28168459;38,96644667;47,28123193;38,96434382;47,28058944;38,9616187;47,28028279;38,96020249;47,27984472;38,9577134;47,27942125;38,9560397;47,27892476;38,95397976;47,27842826;38,9515765;47,27806319;38,9497526;47,27707018;38,95013884;47,27558064;38,95069674;47,27442694;38,95112589;47,27374055;38,95144776;47,27291541;38,95175889;47,27309066;38,9526923;47,27327321;38,95355061;47,27347767;38,95455912;47,27388659;38,95453766;47,27460218;38,95451621;47,27793176;38,96164015;0;1513;546;;;;;;;;;;;;;;;;;;;;;;;;;;;;;;;;;;;;;;;;;;;;;;;;;;;;;;;;;;;;;;;;;;;;;;;;;;;;;;;;;;;;;;;;;;;;;;;;;;;;;;;;;;;;;;;;;;;;;;;;;;;;;;;;;;;;;;;;;;;;;;;;;;;;;;;;;;;;;;;;;;;;;;;;;;;;;;;;;;;;;;;;;;;;;;;;;;;;;;;;;;;;;;;;;;;;;;;;;;;;;;;;;;;;;;;;;;;;;;;;;;;;;;;;;;;;;;;;;;;;;;;;;;;;;;;;;;;;;;;;;;;;;;;;;;;;;;;;;;;;;;;;;;;;;;;;;;;;;;;;;;;;;;;;;;;;;;;;;;;;;;;;;;;;;;;;;;;;;;;;;;;;;;;;;;;;;;;;;;;;;;;;;;;;;;;;;;;;;;;;;;;;;;;;;;;;;;;;;;;;;;;;;;;;;;;;;;;;;;;;
